name,location
"Corkery, Stracke and Crooks",East Helaine
Abernathy-Fahey,Kunzefort
Heaney-Auer,Rebaborough
Ebert-Deckow,West Lenview
"Hammes, Boyer and Conn",East Kyla
Bauch-VonRueden,Kochport
Tremblay Inc,Morissetteville
Schaden Inc,South Luciano
"Hirthe, Heathcote and Goodwin",Alistad
"Langosh, Koss and Bogisich",Joseland
Fay-Littel,Verlineton
Heller Group,Kalatown
Bailey-Fritsch,Mrazberg
Klocko-Gutkowski,North Chasetown
Koelpin Group,New Julesfort
Leffler and Sons,Port Angelica
Kirlin Inc,New Coreenberg
"Kirlin, Schaden and Hartmann",Pricillaburgh
Yost LLC,South Mattie
Schneider-Murphy,East Lilianhaven
Moore-Bode,Debrahmouth
Wiza-Quitzon,North Genesis
Grant and Sons,Trumanside
Beer-Block,New Chadwickstad
"Berge, Kautzer and Wintheiser",Lake Jonah
Flatley-Paucek,Leciabury
Upton-Ebert,Floybury
Buckridge Group,Lake Michel
Fahey Group,Lelamouth
Nikolaus-Mueller,East Walton
Corkery-Shanahan,Lake Kevinhaven
Cummerata-Kuhic,Nildaside
"Balistreri, Raynor and Schmeler",Kassulkeland
Ferry-Graham,Port Shawannatown
Bergnaum and Sons,New Albertstad
"Ryan, O'Connell and Heller",Port Nikoleville
Hintz-Parker,Aldenstad
"Streich, Ankunding and Will",North Angelyn
Weissnat Inc,East Emiletown
"Goyette, Mraz and Cummings",Larsonfurt
"Leuschke, Frami and Abbott",Reillystad
Carter-Hansen,New Elvin
Jerde Group,Port Robbie
Von LLC,Napoleonbury
"Reilly, Parisian and Gerlach",Schinnerbury
Lind Inc,Chadwickland
Ortiz Group,Port Valorie
O'Keefe and Sons,Terencestad
Dooley Inc,Ondrickaside
Wintheiser LLC,Port Barrett
Rolfson Group,Rigobertohaven
Klocko Inc,West Landonmouth
Dare-Hettinger,Darwinport
Hyatt-Weber,North Shanellechester
Harris-Watsica,North Genevive
Auer LLC,Murrayside
"Stark, Skiles and Sauer",Ernsertown
"Lockman, Metz and Brekke",Carterhaven
"Johnston, Rohan and Rau",Schummtown
Konopelski and Sons,North Kurtisview
"Johns, Pagac and Rodriguez",Priceburgh
Beier Inc,Lake Kina
Fahey Inc,Michaleland
Klein and Sons,East Nathanael
Hermann-Gottlieb,Lake Heath
Pagac-Cole,East Daleneton
Homenick-Armstrong,Stehrshire
McDermott Inc,East Jasonbury
"Jaskolski, Effertz and Johns",McGlynnborough
"Zboncak, Schamberger and Pacocha",Johnstonmouth
Sanford-Rath,Lake Maryjo
Kihn-Ferry,East Toby
King LLC,Raymondfurt
Hintz-Gleason,South Rubyeland
Reynolds Group,East Kacey
Tromp LLC,Gerholdbury
"White, Feeney and Ryan",East Coreyfurt
"Runolfsson, Stokes and Frami",Shawneehaven
Bechtelar Group,West Jimmie
"Mitchell, Hahn and Bosco",East Gail
Mayer LLC,Hershelchester
McLaughlin-Hermann,Horaceview
Schroeder LLC,Esperanzaton
Torphy-Bechtelar,Hettingerfurt
"Graham, Champlin and Murazik",Trompstad
Rodriguez-Gorczany,East Azucena
Wuckert and Sons,Benjaminfurt
"Russel, Howell and Koss",Port Samella
"Pfannerstill, Zemlak and Wehner",Leciamouth
Wilderman Inc,Arthurmouth
"Bednar, Lehner and Schneider",Lake Renitaview
Champlin-Marks,South Roystad
"Abbott, Nitzsche and Schmeler",East Giovanni
Harber-Fahey,West Walton
"Kirlin, Torphy and VonRueden",East Johnnie
Boyer Inc,Delfinaville
"Hagenes, O'Conner and Bogisich",Socorroborough
"Blanda, Harber and Wuckert",West Scottie
Franecki-Pfannerstill,New Andrewport
"Blanda, Hamill and Fisher",West Monikaside
